"IPN","MPN","Manufacturer","Description","Symbol","Footprint","Capacitance","Value","Voltage","Material","Tolerance","Datasheet","LCSC","TME"
"CAP-0000-0020","CL10C020CB8NNNC","Samsung Electro-Mechanics","CAP CER 2PF 50V C0G/NP0 0603","g-pas:C","g-cap:C_0603_1608Metric","2p",2E-12,50,"NP0","±0.25pF","https://weblib.samsungsem.com/mlcc/mlcc-ec-data-sheet.do?partNumber=CL05Y105KP6VPN","C1650",
"CAP-0000-0040","0603CG4R0C500NT","FH (Guangdong Fenghua Advanced Tech)","CAP CER 4PF 50V C0G/NP0 0603","g-pas:C","g-cap:C_0603_1608Metric","4p",4E-12,50,"NP0","±0.25pF","https://jlcpcb.com/api/file/downloadByFileSystemAccessId/8588900709887070208","C1668",
"CAP-0000-0100","CL10C100JB8NNNC","Samsung Electro-Mechanics","CAP CER 10pF 50V C0G 0603","g-pas:C","g-cap:C_0603_1608Metric","10p",1E-11,50,"NP0","±5%","https://www.lcsc.com/datasheet/C1634.pdf","C1634",
"CAP-0000-0150","CL10C150JB8NNNC","Samsung Electro-Mechanics","CAP CER 15pF 50V C0G 0603","g-pas:C","g-cap:C_0603_1608Metric","15p",1.5E-11,50,"C0G","±5%","https://www.lcsc.com/datasheet/C1644.pdf","C1644",
"CAP-0000-0180","C0603C180J5GACTU","KEMET","CAP CER 18PF 50V C0G/NP0 0603","g-pas:C","g-cap:C_0603_1608Metric","18p",1.8E-11,50,"NP0","±5%","https://www.yageogroup.com/content/datasheet/asset/file/KEM_C1003_C0G_SMD","C1647",
"CAP-0000-0220","CL10C220JB8NNNC","Samsung Electro-Mechanics","CAP CER 22pF 50V C0G 0603","g-pas:C","g-cap:C_0603_1608Metric","22p",2.2E-11,50,"C0G","±5%","https://jlcpcb.com/api/file/downloadByFileSystemAccessId/8579707043277824000","C1653",
"CAP-0000-0270","C0603C270J5GACTU","KEMET","CAP CER 27PF 50V C0G/NP0 0603","g-pas:C","g-cap:C_0603_1608Metric","27p",2.7E-11,50,"NP0","±5%","https://www.yageogroup.com/content/datasheet/asset/file/KEM_C1003_C0G_SMD","C107045",
"CAP-0000-0390","C0603C390J5GACTU","KEMET","CAP CER 39PF 50V C0G/NP0 0603","g-pas:C","g-cap:C_0603_1608Metric","39p",3.9E-11,50,"NP0","±5%","https://www.yageogroup.com/content/datasheet/asset/file/KEM_C1003_C0G_SMD","C107049",
"CAP-0000-0470","CL10C470JB8NNNC","Samsung Electro-Mechanics","CAP CER 47pF 50V C0G 0603","g-pas:C","g-cap:C_0603_1608Metric","47p",4.7E-11,50,"C0G","±5%","https://www.lcsc.com/datasheet/C1671.pdf","C1671",
"CAP-0000-0820","0603CG820J500NT","FH(Guangdong Fenghua Advanced Tech)","CAP CER 82pF 50V C0G 0603","g-pas:C","g-cap:C_0603_1608Metric","82p",8.2E-11,50,"NP0","±5%","https://www.lcsc.com/datasheet/lcsc_datasheet_2304140030_FH--Guangdong-Fenghua-Advanced-Tech-0603CG820J500NT_C1683.pdf","C1683",
"CAP-0000-0151","CC0603FRNPO9BN151","YAGEO","CAP CER 150pF 50V NP0 0603","g-pas:C","g-cap:C_0603_1608Metric","150p",1.5E-10,50,"NP0","±1%","https://www.lcsc.com/datasheet/C519499.pdf","C519499",
"CAP-0000-0181","CC0603JRNPO9BN181","YAGEO","CAP CER 180pF 50V NP0 0603","g-pas:C","g-cap:C_0603_1608Metric","180p",1.8E-10,50,"NP0","±5%","https://www.lcsc.com/datasheet/C107041.pdf","C107041",
"CAP-0000-0221","CL10B221KB8NNNC","Samsung Electro-Mechanics","CAP CER 220pF 50V X7R 0603","g-pas:C","g-cap:C_0603_1608Metric","220p",2.2E-10,50,"X7R","±10%","https://www.lcsc.com/datasheet/C1603.pdf","C1603",
"CAP-0000-0331","CL10C331JB8NNNC","Samsung Electro-Mechanics","CAP CER 330pF 50V C0G 0603","g-pas:C","g-cap:C_0603_1608Metric","330p",3.3E-10,50,"NP0","±5%","https://jlcpcb.com/api/file/downloadByFileSystemAccessId/8579707056569573376","C1664",
"CAP-0000-0391","CC0603JRNPO9BN391","YAGEO","CAP CER 390pF 50V NP0 0603","g-pas:C","g-cap:C_0603_1608Metric","390p",3.9E-10,50,"NP0","±5%","https://jlcpcb.com/api/file/downloadByFileSystemAccessId/8588898749053063168","C107050",
"CAP-0000-0821","CC0603JRNPO9BN821","YAGEO","CAP CER 820pF 50V NP0 0603","g-pas:C","g-cap:C_0603_1608Metric","820p",8.2E-10,50,"NP0","±5%","https://www.lcsc.com/datasheet/C107057.pdf","C107057",
"CAP-0000-0102","CL10B102KB8NNNC","Samsung Electro-Mechanics","CAP CER 1NF 50V X7R 0603","g-pas:C","g-cap:C_0603_1608Metric","1n",0.000000001,50,"NP0","±10%","https://jlcpcb.com/api/file/downloadByFileSystemAccessId/8579706978448228352","C1588",
"CAP-0000-0152","0603B152K500NT","FH","CAP CER 1.5nF 50V X7R 0603","g-pas:C","g-cap:C_0603_1608Metric","1.5n",0.0000000015,50,"X7R","±10%","https://www.lcsc.com/datasheet/C1595.pdf","C1595",
"CAP-0000-0472","0603B472K500NT","FH","CAP CER 4.7nF 50V X7R 0603","g-pas:C","g-cap:C_0603_1608Metric","4.7n",0.0000000047,50,"X7R","±10%","https://www.lcsc.com/datasheet/C53987.pdf","C53987",
"CAP-0000-0103","GCM188R71H103KA37D","Murata Electronics","CAP CER 10NF 50V X7R 0603","g-pas:C","g-cap:C_0603_1608Metric","10n",0.00000001,50,"X7R","±10%","https://search.murata.co.jp/Ceramy/image/img/A01X/G101/ENG/GCM188R71H103KA37-01.pdf","C57112",
"CAP-0000-0123","CC0603KRX7R9BB123","YAGEO","CAP CER 12nF 50V X7R 0603","g-pas:C","g-cap:C_0603_1608Metric","12n",0.000000012,50,"X7R","±10%","https://www.lcsc.com/datasheet/C107074.pdf","C107074",
"CAP-0000-0104","CC0603KRX7R9BB104","YAGEO","CAP CER 100nF 50V X7R 0603","g-pas:C","g-cap:C_0603_1608Metric","100n",0.0000001,50,"X7R","±10%","https://www.lcsc.com/datasheet/C14663.pdf","C14663",
"CAP-0000-0474","CL10B474KA8NNNC","Samsung Electro-Mechanics","CAP CER 470nF 25V X7R 0603","g-pas:C","g-cap:C_0603_1608Metric","470n",0.00000047,25,"X7R","±10%","https://jlcpcb.com/api/file/downloadByFileSystemAccessId/8579707013305327616","C1623",
"CAP-0000-0105","CL10A105KB8NNNC","Samsung Electro-Mechanics","CAP CER 1uF 50V X5R 0603","g-pas:C","g-cap:C_0603_1608Metric","1µ",1.00E-06,50,"X5R","±10%","https://www.lcsc.com/datasheet/C15849.pdf","C15849","CL10A105KB8NNNC"
"CAP-0003-1005","CL32B106KAJNNNE","Samsung Electro-Mechanics","CAP CER 10UF 25V X7R 1210","g-pas:C","g-cap:C_1210_3225Metric","10µ",0.00001,25,"X7R","±10%","http://www.samsungsem.com/kr/support/product-search/mlcc/CL32B106KAJNNNE.jsp","C39232",
"CAP-0004-0060","STC3MA06-T1","SEHWA","500@1MHz 2pF~6pF 0%~+50% 100V SMD,4.5x3.2mm Trimmers, Variable Capacitors RoHS","g-pas:C_Trim","g-cap:C_Trimmer_Voltronics_JZ","2p - 6p",6E-12,100,"NP0","0%~+50%","https://www.lcsc.com/datasheet/C22468120.pdf","C22468120",
